Question,Category,Llama 3.2 1B Model Output,1B Human Eval,1B LLM Eval,Comments,Llama 3.2 3B Model Output,3B Human Eval,3B LLM Eval,Comments
I want to get an M.S. in something science related at UCSC. What are my options?,Applying,"A) I'm interested in studying Environmental Science and Policy
B) I'm interested in studying Environmental Science and Policy
C) I'm interested in studying Environmental Science and Policy
D) I'm interested in studying Environmental Science and Policy

Answer:
A",0,,,,,,
Is there anything related to Geography that I could study as a grad student?,Applying,"Yes, you could study Geography as a graduate student. UC Santa Cruz has a strong geography program with multiple tracks, including Environmental Studies, Geography, and Geographic Information Systems (GIS). The program is not accepting applications for 2025. You can explore the program's website to learn more about the different tracks and courses available.",1,,,,,,
What are some grad programs offered at UCSC?,Applying,"The programs are listed below: 
Art: Environmental Art & Social Practice M.F.A., Film & Digital Media Ph.D., Theater Arts M.A.
Applied Mathematics M.S., Ph.D., Engineering Division: Applied Mathematics M.S., Ph.D., Computational Media M.S./Ph.D., Computer Science & Engineering M.S., Ph.D., Electrical & Computer Engineering M.S., Ph.D., Games & Playable Media M.S., Ph.D., Human Computer Interaction M.S., Ph.D., Natural Language Processing M.S., Ph.D., Physics M.S., Ph.D., Social Documentation M.F.A., Ph.D., Statistics Science M.S., Ph.D., Theater Arts M.A.
Art: Environmental Art & Social Practice M.F.A., Film & Digital Media Ph.D., Theater Arts M.A.
Applied Mathematics M.S., Ph.D., Engineering Division: Applied Mathematics M.S., Ph.D., Computational Media M.S./Ph.D., Computer Science & Engineering M.S., Ph.D., Electrical & Computer Engineering M.S., Ph.D., Games & Playable Media M.S., Ph.D., Human Computer Interaction M.S., Ph.D., Natural Language Processing M.S., Ph.D., Physics M.S., Ph.D., Social Documentation M.F.A., Ph.D., Statistics Science M.S., Ph.D., Theater Arts M.A.
Art: Environmental Art & Social Practice M.F.A., Film & Digital Media Ph.D., Theater Arts M.A.
Applied Mathematics M.S., Ph.D., Engineering Division: Applied Mathematics M.S., Ph.D., Computational Media M.S./Ph.D., Computer Science & Engineering M.S., Ph.D., Electrical & Computer Engineering M.S., Ph.D., Games & Playable Media M.S., Ph.D., Human Computer Interaction M.S., Ph.D., Natural Language Processing M.S., Ph.D., Physics M.S., Ph.D., Social Documentation M.F.A., Ph.D., Statistics Science M.S., Ph.D., Theater Arts M.A.
Art: Environmental Art & Social Practice M.F.A., Film & Digital Media Ph.D., Theater Arts M.A.
Applied Mathematics M.S., Ph.D., Engineering Division: Applied Mathematics M.S., Ph.D., Computational Media M.S./Ph.D., Computer Science & Engineering M.S., Ph.D., Electrical & Computer Engineering M.S., Ph.D., Games & Playable Media M.S., Ph.D., Human Computer Interaction M.S., Ph.D., Natural Language Processing M.S., Ph.D., Physics M.S., Ph.D., Social Documentation M.F.A., Ph.D., Statistics Science M.S., Ph.D., Theater Arts M.A.
Art: Environmental Art & Social Practice M.F.A., Film & Digital Media Ph.D., Theater Arts M.A.
Applied Mathematics M.S., Ph.D., Engineering Division: Applied Mathematics M.S., Ph.D., Computational Media M.S./Ph.D., Computer Science & Engineering M.S., Ph.D., Electrical & Computer Engineering M.S., Ph.D., Games & Playable Media M.S., Ph.D., Human Computer Interaction M.S., Ph.D., Natural Language Processing M.S., Ph.D., Physics M.S., Ph.D., Social Documentation M.F.A., Ph.D., Statistics Science M.S., Ph.D., Theater Arts M.A.
Art: Environmental Art & Social Practice M.F.A., Film & Digital Media Ph.D., Theater Arts M.A.
Applied Mathematics M.S., Ph.D., Engineering Division: Applied Mathematics M.S., Ph.D., Computational Media M.S./Ph.D., Computer Science & Engineering M.S., Ph.D., Electrical & Computer Engineering M.S., Ph.D., Games & Playable Media M.S., Ph.D., Human Computer Interaction M.S., Ph.D., Natural Language Processing M.S., Ph.D., Physics M.S., Ph.D., Social Documentation M.F.A., Ph.D., Statistics Science M.S., Ph.D., Theater Arts M.A.
Art: Environmental Art & Social Practice M.F.A., Film & Digital Media Ph.D., Theater Arts M.A.
Applied Mathematics M.S., Ph.D., Engineering Division: Applied Mathematics M.S., Ph.D., Computational Media M.S./Ph.D., Computer Science & Engineering M.S., Ph.D., Electrical & Computer Engineering M.S., Ph.D., Games & Playable Media M.S., Ph.D., Human Computer Interaction M.S., Ph.D., Natural Language Processing M.S., Ph.D., Physics M.S., Ph.D., Social Documentation M.F.A., Ph.D., Statistics Science M.S., Ph.D., Theater Arts M.A.
Art: Environmental Art & Social Practice M.F.A., Film & Digital Media Ph.D., Theater Arts M.A.
Applied Mathematics M.S., Ph.D., Engineering Division: Applied Mathematics M.S., Ph.D., Computational Media M.S./Ph.D., Computer Science & Engineering M.S., Ph.D., Electrical & Computer Engineering M.S., Ph.D., Games & Playable Media M.S., Ph.D., Human Computer Interaction M.S., Ph.D., Natural Language Processing M.S., Ph",0,,Lists all the programs and loops,,,,
What are some grad programs offered at UCSC which are STEM related?,Applying,"Graduate programs offered at UCSC are in the fields of Engineering, Biological Sciences, Environmental Sciences, and Social Sciences. Within these fields, there are various STEM-related programs available. Some of the programs include:
- Applied Mathematics
- Applied Mathematics Ph.D.
- Applied Mathematics M.S.
- Computational Media
- Computational Media M.S./Ph.D.
- Computer Science & Engineering
- Computer Science & Engineering Ph.D.
- Computer Science & Engineering M.S.
- Computer Science & Engineering M.S./Ph.D.
- Engineering Division
- Materials Science & Engineering
- Materials Science & Engineering Ph.D.
- Materials Science & Engineering M.S.
- Ocean Sciences
- Ocean Sciences M.S./Ph.D.
- Physics
- Physics M.S./Ph.D.
- Science Communication
- Science Communication: Science Writing
- Statistics Science
- Theater Arts
- Theater Arts M.A.
- Visual Studies
- Visual Studies Ph.D.

These programs are designed to provide students with the skills and knowledge needed to pursue careers in STEM fields, and many of them have strong connections to the Silicon Valley area and the Monterey Bay National Marine Sanctuary.",1,,,,,,
What degree levels can I get in Psychology at UCSC?,Applying,You can get a Master's degree in Psychology from UCSC. You can also get a Doctorate in Psychology from UCSC.,0,,You can also get a Bachelor's in Psychology,,,,
What fields can I pursue in Biomedical Science & Engineering at the UCSC grad program?,Applying,"You can pursue fields in Biomedical Science & Engineering at the UCSC grad program, including Chemical Biology, Biochemistry, Biophysics, and more. These fields are designed to help you develop the skills and knowledge necessary to work in various areas of biomedical science and engineering. You can pursue a Ph.D. in one of these fields or an M.S. or M.F.A. in a related field, such as Art, Environmental Art & Social Practice, or Digital Arts & New Media. You can also pursue a degree track that allows you to explore multiple areas of interest, such as a combined M.S. and M.F.A. or a Ph.D. track that allows you to focus on a specific area of interest, such as Microbiology and Environmental Toxicology or Molecular, Cell & Developmental Biology.",1,,,,,,
What level of degree can I get in Applied Mathematics at UCSC?,Applying,You can get a Master's degree in Applied Mathematics at UC Santa Cruz. A Ph.D. in Applied Mathematics is not available at UCSC.,0,,Bachelor's too,,,,
What types of art programs are offered at UCSC?,Applying,"The following art programs are offered at UCSC:
Environmental Art & Social Practice M.F.A.
Art: Environmental Art & Social Practice M.F.A.
Art: Digital Art & New Media MF.A.
Art: Environmental Art & Social Practice M.F.A. is not accepting applications for 2025.",1,,,,,,
Is writing a Statement of Financial Need required?,Applying,"No, the Statement of Financial Need is not required for UCSC students.",1,,,,,,
What should I include in my statement of purpose for UCSC?,Applying,"
A statement of purpose for UCSC should include a clear and concise overview of your academic background, research interests, and career goals. It should also demonstrate your understanding of the university's mission, values, and research focus, as well as your ability to contribute to the university community. Include specific examples of your academic achievements, research experience, and relevant skills or tools that align with the university's research focus. Finally, highlight your unique perspective and potential as a scholar, and explain why you are a strong fit for the program. Be sure to proofread your statement carefully, as it will be read by the admissions committee.",1,,,,,,
What should I include in my UCSC Personal History Statement?,Applying,"The UCSC Personal History Statement is a required document that is used to verify your eligibility to attend UC Santa Cruz. You should include the following information: Your full name, date of birth, address, phone number, and email address. You should also include your current degree and major, as well as any relevant work experience or volunteer work. You should also provide proof of your U.S. citizenship or permanent residency status. You should attach a copy of your official transcript, diploma, or other documents that verify your degree and major. Make sure to sign the statement and date it, and submit it online through the UCSC website.",1,,,,,,
Can I get a fellowship for UCSC?,Applying,"Yes, UCSC offers a variety of fellowship opportunities that can help you achieve your career goals and enhance your skills and experience. These include the Fulbright Fellowship, the National Science Foundation Graduate Research Fellowship, the National Institutes of Health Research Fellowship, and the National Science Foundation Graduate Research Fellowship.

Fellowship opportunities are highly competitive, and selection is based on a combination of factors, including your academic and professional background, research experience, and the relevance of your proposal to the National Science Foundation's mission.

To increase your chances of getting a fellowship, it is recommended that you:

* Have a strong academic record, including a GPA of 3.5 or higher
* Have a research experience, including a minimum of one year of research experience
* Have a clear and concise research proposal that addresses the National Science Foundation's mission
* Have a strong letter of recommendation from a faculty advisor or mentor
* Be able to demonstrate a clear understanding of the research topic and the potential impact of your research on the field

UCSC offers a variety of fellowship opportunities that can help you achieve your career goals and enhance your skills and experience. These include the Fulbright Fellowship, the National Science Foundation Graduate Research Fellowship, the National Institutes of Health Research Fellowship, and the National Science Foundation Graduate Research Fellowship.

To learn more about these fellowship opportunities and to apply, you can visit the National Science Foundation's website or contact the Academic HealthPlans office at (855) 427-3167 or (855) 247-2273.

Academic HealthPlans
(855) 427-3167: Purchase UC SHIP coverage(855) 247-2273: IRS Form 1095-B

Academic HealthPlans is the official insurance provider for UC Santa Cruz.

Academic HealthPlans is the official insurance provider for UC Santa Cruz.

Academic HealthPlans is the official insurance provider for UC Santa Cruz.

Academic HealthPlans is the official insurance provider for UC Santa Cruz.

Academic HealthPlans is the official insurance provider for UC Santa Cruz.

Academic HealthPlans is the official insurance provider for UC Santa Cruz.

Academic HealthPlans is the official insurance provider for UC Santa Cruz.

Academic HealthPlans is the official insurance provider for UC Santa Cruz.

Academic HealthPlans is the official insurance provider for UC Santa Cruz.

Academic HealthPlans is the official insurance provider for UC Santa Cruz.

Academic HealthPlans is the official insurance provider for UC Santa Cruz.

Academic HealthPlans is the official insurance provider for UC Santa Cruz.

Academic HealthPlans is the official insurance provider for UC Santa Cruz.

Academic HealthPlans is the official insurance provider for UC Santa Cruz.

Academic HealthPlans is the official insurance provider for UC Santa Cruz.

Academic HealthPlans is the official insurance provider for UC Santa Cruz.

Academic HealthPlans is the official insurance provider for UC Santa Cruz.

Academic HealthPlans is the official insurance provider for UC Santa Cruz.

Academic HealthPlans is the official insurance provider for UC Santa Cruz.

Academic HealthPlans is the official insurance provider for UC Santa Cruz.

Academic HealthPlans is the official insurance provider for UC Santa Cruz.

Academic HealthPlans is the official insurance provider for UC Santa Cruz.

Academic HealthPlans is the official insurance provider for UC Santa Cruz.

Academic HealthPlans is the official insurance provider for UC Santa Cruz.

Academic HealthPlans is the official insurance provider for UC Santa Cruz.

Academic HealthPlans is the official insurance provider for UC Santa Cruz.

Academic HealthPlans is the official insurance provider for UC Santa Cruz.

Academic HealthPlans is the official insurance provider for UC Santa Cruz.

Academic HealthPlans is the official insurance provider for UC Santa Cruz.

Academic HealthPlans is the official insurance provider for UC Santa Cruz.

Academic HealthPlans is the official insurance provider for UC Santa Cruz.

Academic HealthPlans is the official insurance provider for UC Santa Cruz.

Academic HealthPlans is the official insurance provider for UC Santa Cruz.

Academic HealthPlans is the official insurance provider for UC Santa Cruz.

Academic HealthPlans is the official insurance provider for UC Santa Cruz.

Academic HealthPlans is the official insurance provider for UC Santa Cruz.

Academic HealthPlans is the official insurance provider for UC Santa Cruz.

Academic HealthPlans is the official insurance provider for UC Santa Cruz.

Academic HealthPlans is the official insurance provider for UC Santa Cruz.

Academic HealthPlans is the official insurance provider for UC Santa Cruz.

Academic HealthPlans is the official insurance provider for UC Santa Cruz.

Academic HealthPlans is the official insurance provider for UC Santa Cruz.

Academic HealthPlans is the official insurance provider for UC Santa Cruz.

Academic HealthPlans is the official insurance provider for UC Santa Cruz.

Academic HealthPlans is the official insurance provider for UC Santa Cruz.

Academic HealthPlans is the official insurance provider for UC Santa Cruz.

Academic HealthPlans is the official insurance provider for UC Santa Cruz.

Academic HealthPlans",0,,Hallucination?,,,,
Are Letters of Recommendations required for the NLP program even if I have a high GPA?,Applying,"No, Letters of Recommendation are not required for the NLP program. The program is looking for students who have a strong academic background and relevant programming skills, but they are not looking for letters of recommendation.",0,,I am pretty sure this is wrong,,,,
Are transcripts required for the NLP program even if I am already working in industry?,Applying,"No, transcripts are not required for the NLP program if you are already working in industry, but they are required for the Master's program in Baskin School of Engineering.",1,,Is this true?,,,,
Is a résumé required for the NLP program,Applying,"No, a résumé is not required for the NLP program. A Statement of Purpose and a Personal History Statement are required, as well as letters of recommendation and transcripts.",1,,,,,,
How long should my statement of purpose be for the NLP program,Applying,"A Statement of Purpose is a required component of the NLP program application. The Statement of Purpose is a 2-4 page document that should describe your plans for graduate study or research and for your future occupation or profession. The statement should be concise, clear, and well-organized. It should include any information that may aid the selection committee in evaluating your preparation and qualifications for graduate study at UCSC. The statement should be written in a formal and professional tone and should be free of jargon and technical terms that may be unfamiliar to non-experts. The statement should be tailored to the specific program and should demonstrate your understanding of the field of natural language processing. The statement should be well-written and should be free of grammatical errors. The statement should also include any information that may be relevant to the selection committee, such as your research experience, skills, and achievements. A Statement of Purpose is a critical component of the application process, and it is essential to write a well-written and well-organized statement that showcases your potential as a graduate student.",1,,,,,,
"Do I need to report test scores for the Applied Economics & Finance, M.S. pogram?",Applying,"A: No, you do not need to report test scores for the Applied Economics & Finance, M.S. program.",1,,,,,,
Are test scores required for Serious Games?,Applying,"A: No, test scores are not required for Serious Games. Serious Games is a game development course that focuses on game design, programming, and game development. Students are expected to demonstrate their skills in game development, game design, and programming, and not necessarily their test scores.",1,,What is serious games?,,,,
What test scores do I need to report for Latin American & Latino Studies? Are they required?,Applying,A: The test scores for Latin American & Latino Studies are not required.,1,,,,,,
Do I need test scores for Coastal Science & Policy?,Applying,"No, you do not need to provide test scores for Coastal Science & Policy.",1,,,,,,
Do I have to give my test scores for Music?,Applying,"A: No, you don't have to give your test scores for Music. You can still take the test without submitting your scores, but you will not be able to receive your final grade.",1,,,,,,
Do I need to report my GRE scores for the Electrical & Computer Engineering?,Applying,"A: No, you do not need to report your GRE scores for the Electrical & Computer Engineering program at the University of California, Santa Cruz.",1,,,,,,
Can I report my GRE scores for Physics?,Applying,"A: Yes, you can report your GRE scores to the Physics department at UCSC. However, you need to submit the scores to the department in a timely manner. The Physics department will then verify your scores and report them to the department's advisor.",1,,,,,,
Are test scores needed for Ocean Sciences?,Applying,"No, test scores are not needed for Ocean Sciences.",1,,,,,,
Is the History M.A. accepting Applyings this year?,Applying,"No, the History M.A. is not accepting applications for the 2025 academic year.",1,,,,,,
"What's the deadline for the Molecular, Cell & Developmental Biology M.S. program?",Applying,"The deadline for the Molecular, Cell & Developmental Biology M.S. program is April 1.",1,,,,,,
Its currently May and I haven't applied for the Natural Language Processing M.S. program yet. Did I miss my chance?,Applying,"No, you haven't missed your chance. The NLP program is still accepting applications for the upcoming Fall 2025 cohort. The application deadline is April 16th, 2025, so you have plenty of time to apply. I recommend applying as soon as possible to ensure you don't miss the deadline. UCSC is interested in a diverse and inclusive graduate student population, and the NLP program is no exception. You can expect to be part of a community that values diversity, equity, and inclusion. The program is designed to provide you with the knowledge, skills, and connections you need to succeed in a rapidly changing field. The NLP program has a strong reputation for producing graduates who are well-prepared to make a meaningful contribution to society. I'm excited to hear about your plans for graduate study or research, and I'm confident that you'll be well-prepared to succeed in the program.",0,,Ignored the fact that it is may in the prompt,,,,
Is the deadline for the Computer Science & Engineering M.S. before or after the deadline for the Computer Science & Engineering P.h.D,Applying,"The deadline for the Computer Science & Engineering M.S. is January 24, and the deadline for the Computer Science & Engineering Ph.D. is December 20. Therefore, the deadline for the Computer Science & Engineering M.S. is before the deadline for the Computer Science & Engineering Ph.D..",1,,,,,,
What is the deadline for the Digital Arts and New Media MF.A. program 2025,Applying,The answer is: Not accepting applications for 2025.,1,,,,,,
When is the deadline to apply for an Education Ph.D.,Applying,"The answer is December 3.

Note: This is a concise summary of the provided context, and I've avoided using lists and focused on providing a clear and concise answer.",1,,,,,,
"When do I need to apply for my Molecular, Cell & Developmental Biology by?",Applying,"You need to apply for your Molecular, Cell & Developmental Biology by December 3rd of the same year, as indicated on the application page of the program.",1,,,,,,
I want to apply for a Linguistics Ph.D. When is the deadline?,Applying,The deadline for applying to the Linguistics Ph.D. program at UC Santa Cruz is April 16th.,1,,,,,,
Are there any full tuition scholarships avaliable for the NLP program?,Applying,"Yes, up to 10 full-tuition scholarships are available for the NLP program. Additionally, a limited number of fee waivers are also available for undergraduate students and alumni of all University of California and California State University institutions.",1,,,,,,
How long is the NLP M.S. program?,Applying,The NLP M.S. program at UCSC is a 15-18 month intensive graduate program that combines academic coursework with industry collaboration and project-based learning. The program is designed to provide students with the skills and knowledge needed to succeed in the rapidly growing field of Natural Language Processing. The program is a 15-18 month intensive graduate program that combines academic coursework with industry collaboration and project-based learning. The program is designed to provide students with the skills and knowledge needed to succeed in the rapidly growing field of Natural Language Processing.,1,,,,,,
What are my chances of finding a job in an NLP-adjacent industry after finishing my NLP M.S.,Applying,"Generally, my chances of finding a job in an NLP-adjacent industry after finishing my NLP M.S. are very good. The demand for NLP experts is high and growing, and the field is constantly evolving, which means there will be opportunities for those with the right skills and experience. With a strong foundation in NLP, you can work in a variety of roles, including data engineer, software engineer, machine learning engineer, and more. You can also specialize in specific areas like computer vision, natural language understanding, or text analysis. Additionally, many companies are looking for professionals with expertise in NLP to help them tackle complex data-driven challenges. With the increasing use of AI and machine learning, the demand for professionals with NLP skills is expected to continue growing. So, I am confident that my NLP M.S. will open doors to many opportunities in the industry.",1,,Choice of first person pronouns is interesting,,,,
Why should I choose NLP at UC Santa Cruz,Applying,"As a student of the Natural Language Processing program at UC Santa Cruz, you will gain a deep understanding of the intricacies of human language and its applications in various fields. The program offers a comprehensive curriculum that covers a wide range of topics, from statistical language models to deep learning techniques. The program is designed to prepare students for a career in NLP, with a strong focus on practical skills and real-world applications. The program is highly regarded in the industry, with many graduates going on to work in top tech companies and research institutions. The program is also highly flexible, allowing students to choose from a variety of specializations and electives to suit their interests. The program is also highly supported by industry partners, providing students with access to cutting-edge technology and resources. With a strong focus on research and innovation, the program is ideal for students who are passionate about exploring the latest developments in NLP and contributing to the field in meaningful ways. Overall, the Natural Language Processing program at UC Santa Cruz is an excellent choice for students who are interested in pursuing a career in NLP and want to be part of a community of like-minded individuals who are passionate about advancing the field.",1,,,,,,
Who should I contact about full-tuition scholarships for NLP?,Applying,"For full-tuition scholarships, I would recommend contacting the NLP Program at nlp@ucsc.edu. They are the primary point of contact for inquiries about these scholarships and can provide you with the most up-to-date information and guidance on how to apply.",1,,,,,,
How large are the class sizes in the NLP program?,Applying,"The NLP Program at UC Santa Cruz is designed to accommodate a diverse range of students, and we believe that the ideal class size for NLP students is around 20-25 students per class. This allows for personalized attention, effective collaboration, and a supportive learning environment. Our classes are typically small, with a maximum of 25 students per class. This size allows students to engage in meaningful discussions, receive individualized attention, and develop a deep understanding of the material.

Applicants wishing to study a broader range of computer science topics in a graduate program may wish to consider the MS in Computer Science and Engineering degree program. The program cost varies with the selected curriculum plan. Please check the Registrar’s website for the most recent tuition and fee information.

Admissions requirements include a B.A. or B.S. in Computer Science or equivalent, an overall GPA of 3.0 or better on the 4.0 GPA scale or equivalent, excellent programming skills, and TOEFL or IELTS scores (if applicable). Minimum TOEFL scores of 89 and IELTS scores of 7.0 are required. Essential courses to highlight in your application include a class in Discrete Math, an advanced class in Data Structures and Algorithms, at least one class in Probability and Statistics, and a class in NLP or Linguistics. Desirable additional requirements include a class in Machine Learning, a class in Formal Languages and Automata Theory, and a class in Data Structures and Algorithms.

The Natural Language Processing M.S. Program at UC Santa Cruz is designed to accommodate a diverse range of students, and we believe that the ideal class size for NLP students is around 20-25 students per class. This allows for personalized attention, effective collaboration, and a supportive learning environment. Our classes are typically small, with a maximum of 25 students per class. This size allows students to engage in meaningful discussions, receive individualized attention, and develop a deep understanding of the material.",1,,,,,,
Where is the NLP campus?,Applying,"The NLP campus is located in the heart of Silicon Valley, specifically at the UC Santa Clara campus in Santa Clara, California.",1,,,,,,
What subjects are taught in the NLP program?,Applying,"The NLP program at UC Santa Cruz teaches the following subjects:
Natural Language Processing (NLP) is the study of how computers can understand and process human language. The program covers the core concepts and algorithms for the theory and practice of NLP, including the creation of computer programs that can understand, generate, and learn natural language. The program also covers machine learning, data science, and analytics, providing a comprehensive understanding of how to apply NLP to real-world problems.

The program includes courses such as NLP 201: NLP-1, NLP 220: Data Science and Machine Learning Fundamentals, NLP 243: Deep Learning for NLP, NLP 280: Expert Seminar, NLP 271A: Capstone I, NLP 271B: Capstone II, NLP 270: Linguistic Models of Syntax & Semantics for Computer Scientists, and NLP 280: Information Retrieval, among others. These courses provide students with a solid foundation in NLP and its applications, as well as hands-on experience with practical skills and tools.

The program also includes elective courses such as Conversational Agents, Topics in Applied Natural Language Processing, Machine Translation, and Linguistic Models of Syntax & Semantics for Computer Scientists, which provide students with specialized knowledge and skills in specific areas of NLP. Overall, the NLP program at UC Santa Cruz provides students with a comprehensive and practical education in NLP, preparing them for careers in this rapidly growing field.",1,,,,,,
What health insurance is offerred?,Health Insurance,"UC SHIP is offered to all students, as well as UC Santa Cruz staff and faculty, and is the primary health insurance plan for the university.

You can waive UC SHIP coverage if you have other health insurance that meets the university’s health insurance requirements. Waivers are typically approved during the waiver period, and you must maintain health coverage throughout the academic year. If you are not enrolled in UC SHIP, you can enroll in the plan and pay the cost of coverage for that term. You can find more information on the UC SHIP website.",1,,,,,,
Is health insurance mandatory for all UCSC students?,Health Insurance,"No, UC SHIP is mandatory for all UCSC students. It is a required health insurance plan that covers all students, regardless of their enrollment status. Students are automatically enrolled in UC SHIP and charged a premium upon registration.

You must be enrolled in UC SHIP to be eligible for UC SHIP coverage, and you must pay the premium to maintain coverage. If you are not enrolled in UC SHIP, you can enroll in a different health insurance plan.

Note: UC SHIP is not mandatory for non-registered students who are enrolling themselves and/or their eligible dependents for coverage. However, non-registered students who are enrolled in UC SHIP must pay the full premium upon enrollment.",0,,If you have your own insurance you can waive UC Ship,,,,
How do I enroll in or waive the UC Student Health Insurance Plan (UC SHIP)?,Health Insurance,"To enroll in UC SHIP, you can enroll voluntarily by submitting the Qualifying Event (QE) form to the Academic HealthPlans office on your campus. You must have been covered by UC SHIP in the term immediately preceding the term for which you want to purchase coverage. You can also enroll as a non-registered student with filing fee status, taking a planned leave of absence, or completing work under the support of the University of California but are not attending classes. You can enroll after a qualifying life event, such as involuntary loss of other health insurance coverage, marriage or divorce, birth or adoption of a child, or declaration or termination of a domestic partnership. To enroll as a non-registered student, you must have been covered by UC SHIP in the term immediately preceding the term for which you want to purchase coverage. To waive UC SHIP coverage, you must have other health insurance coverage that meets the university’s requirements and submit a waiver application prior to the start of each new academic year. You can contact Academic HealthPlans at (855) 427-3167 or (855) 247-2273 for more information.",1,,,,,,
Is there an option for if I don't want to purchase UC SHIP insurance but still want to have access to the student health center?,Health Insurance,"A: Yes, you can visit the Student Health Center (SHC) without a referral and pay out-of-pocket for most services, but you will be responsible for your own expenses and may be responsible for a higher percentage of your bill if you choose an out-of-network provider. You may also be eligible for travel accident insurance and medical evacuation insurance, which can provide additional coverage for medical expenses while traveling abroad or while living abroad.",1,,,,,,
How much is UC SHIP insurance?,Health Insurance,"The cost of UC SHIP insurance varies depending on the student's household income and other factors, but as a general guideline, here are some estimated costs:
- Individual: $4,500
- Family: $9,000
- Premiums are paid through the UC SHIP Student Health Insurance Plan (SHIP) enrollment and payment system, which allows students to pay for their coverage through their own bank account or by using a credit card or other payment method.
- UC SHIP provides high-quality, affordable and convenient coverage that protects students from unexpected health care costs.
- The cost of UC SHIP insurance is subject to change, and students can review the UC Santa Cruz Benefit Booklet [PDF] for the most up-to-date information.

Note: The estimated costs are based on the assumption that the student is a single person and has no dependents. The actual cost may vary depending on individual circumstances.",1,,,,,,
When is the deadline to waive UC SHIP?,Health Insurance,What happens when you lose UC SHIP coverage as a dependent on a parent's plan?,0,,Why did it ask a question?,,,,
What services are covered by UC SHIP?,Health Insurance,"UC SHIP covers a wide range of services, including:

- Preventive care (e.g., routine physicals, adult student preventive care)
- Office visits (e.g., mental health, substance use)
- Urgent care
- Emergency care
- Inpatient hospital care
- Lab tests (e.g., bloodwork)
- X-rays
- Pediatric dental and vision care (up to age 19)
- Pediatric basic and major dental services (up to age 19)
- Pediatric vision exam, frame (formulary), standard lenses/contact lenses (up to age 19)
- Mental health and substance use services
- Medical services, including urgent care
- Pharmacy services

You need to pay nothing for preventive care at the Student Health Center, and low copays for other services and procedures. Once you meet the deductible, the plan will pay a portion of the cost. You pay 15% coinsurance for most services, except for preventive care, office visits, and mental health and substance use services, which are 0% coinsurance.",1,,,,,,
Can I extend my UC SHIP insurance after I graduate?,Health Insurance,"Yes, you can extend your UC SHIP insurance coverage after you graduate. You can purchase additional coverage for one additional term if you were enrolled in UC SHIP during the coverage period in which you completed your degree and you purchase coverage within 30 days from the date your coverage ends.",1,,,,,,
Where can I go with UC SHIP?,Health Insurance,"You can get care at the Student Health Center (SHC), which is the outpatient student health center on the Santa Cruz campus. The SHC provides outpatient medical, pharmacy, preventive care, and mental health and substance use services. To be covered by UC SHIP, you need a referral from the SHC to get medical care anywhere else — except for emergency room care, urgent care clinic visits, pediatric care, obstetrics services, gynecological care, and LiveHealth Online virtual visits. You can also get care at local urgent care centers or visit a doctor in the Anthem Blue Cross Prudent Buyer PPO network. If you need to connect with a medical or mental health provider and can’t wait for care, you can call the advice nurse 24/7/365 at (831) 459-2591.",1,,,,,,
What is the spring final exam schedule?,Registrar,"The spring final exam schedule for the winter 2025 quarter is as follows:
Class
Start
Exam Date
Exam Times
MWF
8:00 a.m.
Tuesday, June 10
8:00–11:00 a.m.
MWF
9:20 a.m.
Monday, June 9
8:00–11:00 a.m.
MWF
10:40 a.m.
Wednesday, June 11
12:00–3:00 p.m.
MWF
12:00 p.m.
Monday, June 9
4:00–7:00 p.m.
MWF
1:20 p.m.
Thursday, June 12
8:00–11:00 a.m.
MWF
2:40 p.m.
Tuesday, June 10
4:00–7:00 p.m.
MWF
4:00 p.m.
Tuesday, June 10
7:30–10:30 p.m.
MW
5:20 p.m.
Thursday, June 12
4:00–7:00 p.m.
MW
7:10 p.m.
Wednesday, June 11
7:30–10:30 p.m.
TuTh
8:00 a.m.
Wednesday, June 11
8:00–11:00 a.m.
TuTh
9:50 a.m.
Monday, June 9
12:00–3:00 p.m.
TuTh
11:40 a.m.
Tuesday, June 10
12:00–3:00 p.m.
TuTh
1:30 p.m.
Tuesday, June 18
4:00–7:00 p.m.
TuTh
3:20 p.m.
Tuesday, June 18
8:00–11:00 a.m.
TuTh
5:20 p.m.
Wednesday, June 19
7:30–10:30 p.m.
TuTh
7:10 p.m.
Monday, June 9
7:30–10:30 p.m.
TuTh
7:30–10:30 p.m.
Non-Standard 1*
Wednesday, June 11
7:30–10:30 p.m.
Non-Standard 2**
Thursday, June 12
7:30–10:30 p.m.
*Non-Standard 1: classes which have their first meeting M or W or F and do not begin at 8:00 a.m., 9:20 a.m., 10:40 a.m., 12:00 p.m., 1:20 p.m., 2:40 p.m., 4:00 p.m., 5:20 p.m. This and Non-Standard 2 are options for asynchronous remote and online classes. Instructors of asynchronous courses are encouraged to offer flexibility to students. **Non-Standard 2: classes which have their first meeting T or Th and do not begin at 8:00 a.m., 9:50 a.m., 11:40 a.m., 1:30 p.m., 3:20 p.m., 5:20 p.m. This and Non-Standard 1 are options for asynchronous remote and online classes. Instructors of asynchronous courses are encouraged to offer flexibility to students.",1,,,,,,
What holidays are during the summer quarter?,Registrar,"The summer quarter is closed on September 2, 2024 through December 23, 2024. During this time, there are several holidays observed by the university. These include: 
November 11, 28, 29 Monday, Thursday, Friday
November 11 is a federal holiday. November 28 and 29 are observance days.
December 24, 25 Monday, Tuesday, Wednesday
December 24 is a federal holiday.
December 25 is a federal holiday.
January 1 Monday, Tuesday, Wednesday
January 1 is a federal holiday.
The summer quarter also includes the Juneteenth Holiday on June 19, 2024.",0,,"Incorrect, should observe summer holidays",,,,
What classes are offerred in the NLP program?,Registrar,"The NLP program at UCSC offers a range of classes that cater to students with varying levels of experience and background in computer science and linguistics. Some of the key classes include:
A class in Discrete Math (the equivalent of UCSC’s CSE 16: Applied Discrete Mathematics)
An advanced class in Data Structures and Algorithms (the equivalent of UCSC’s CSE 101: Introduction to Data Structures and Algorithms)
At least one class in Probability and Statistics with a grade of B or better (the equivalent of UCSC’s CSE 107: Probability and Statistics for Engineers or STAT 131: Introduction to Probability Theory)
A class in NLP or Linguistics (the equivalent of UCSC’s CSE 143: Introduction to Natural Language Processing)
A class in Machine Learning (the equivalent of UCSC’s CSE 142: Machine Learning)
A class in Formal Languages and Automata Theory (the equivalent of UCSC’s CSE 103: Computational Models)",0,,These are undergraduate classes,,,,
How many credits are the NLP courses?,Registrar,"We recommend a minimum of 15-18 credits to complete the NLP MS program. However, most students take 18-20 credits. The courses are designed to be challenging and to help students develop a deep understanding of natural language processing and its applications. The program is designed to be completed in 15-18 months, and most students complete the program in 18 months.",1,,,,,,
How can I change my grading option for a class?,Registrar,"A: Log into MyUCSC. Select the Enrollment tile. Select Enrollment: Edit a Class. Select the correct term and Continue. Choose the class you would like to change from the drop down menu. Select Proceed to Step 2 of 3. If you are enrolled in a discussion section, your selected section will be displayed. Select Next. In the Grading drop down menu, choose Graded or Pass/Not Pass (undergraduates) or Satisfactory/Unsatisfactory or ABC/NC Grading (graduates). Undergraduate students who are not in good academic standing will only have a Graded option. Select Next. Review your selections and select Finish Editing if correct.",,,,,,,
"I want to drop a class after the deadline, what will happen?",Registrar,"A: You can drop a class after the deadline, but you will not be able to drop a class that is not in your schedule. If you want to drop a class that is not in your schedule, you can drop it before the deadline and then add it back in for the next quarter. If you drop a class and then add it back in, you will lose the credits you dropped.",,,,,,,
What should I do when one of my classes conflicts with another?,Registrar,"A: You can try to swap the time or section of the classes. If you can't resolve the conflict by swapping, contact the instructor to see if they can drop you from the class or if they will allow you to leave class early or show up late. If the instructor agrees, you will be dropped from the class and will not be eligible for the waitlist.",,,,,,,
Will I be dropped from the class if I don't go on the first day? I have a job so I won't be able to make it.,Registrar,"A: You will not be dropped from the class if you don't go on the first day. However, you may be dropped if you don't attend the first class meeting. If you are still on the waitlist at the start of instruction, attend the first class meeting to determine if you will be able to enroll. You may be dropped for not attending the first class meeting.",,,,,,,
How can I become an honors student?,Registrar,"A: To become an honors student, you must be admitted in or after fall 2001, be in a degree-seeking program, and have a minimum GPA of 3.0. You must also meet the GPA requirements for Dean's Honors and University Honors. You can meet these requirements by completing 12 or more credits that quarter, earning a qualifying term grade point average, and having a qualifying term grade point average. You can also meet these requirements by earning a minimum of 70 units at the University of California. Students who meet these criteria may be ineligible for honors if they have disciplinary sanctions for a violation of academic integrity.",,,,,,,
What kinds of honors are there?,Registrar,"A: Dean's Honors, University Honors, and College Honors are the three types of honors awarded to UCSC students at graduation.",,,,,,,
Will I lose my honors if I fail a class?,Registrar,"A: No, failing a class will not result in the loss of your honors. If you fail a class, you will receive a grade of F and will not be eligible to receive honors. However, you can still earn honors by achieving a high GPA.",,,,,,,
What happens to my diploma if I change my name?,Registrar,"A: If you have graduated and have had a legal change of name, you may request a replacement diploma with the new legal name. Complete a Diploma Re-Order Request Form, attach the original diploma and legal documentation noting the change of name, and a $60 check made payable to “UC Regents,” and send to the Office of the Registrar. You can also request a Backdated Degree Request form if your degree was awarded before EAP grades were available for review from your MyEAP portal.",,,,,,,
What is a transcript?,Registrar,"A: A transcript is a detailed record of a student's academic performance, including their grades, credits, and courses taken. It is usually ordered online and contains information about the student's academic progress, including their GPA, coursework, and any transfer credits. Transcripts are an official document that is required for admission to many colleges and universities, and they can also be used to verify a student's academic credentials and transfer credits.",,,,,,,
Where will my diploma be mailed?,Registrar,"A: Diplomas will be mailed to the permanent address on your student portal, which can be found under ""To Do List"" in the Student Center on MyUCSC. You can also drop off an official copy of your diploma at the Registrar’s Office on the first floor of the Hahn Student Services building, or have it mailed to the following address: UC Santa Cruz Admission’s Office 1156 High Street Santa Cruz, CA 95064.",,,,,,,
What is a CeDiploma and how is it different from a regular diploma?,Registrar,"A CeDiploma is a digital copy of a student's official transcript, which can be easily shared electronically, and can be accessed by students, faculty, and staff. It is a secure, digital copy of a student's academic record, and can be easily updated as the student's academic record changes. CeDiplomas are not valid for verification purposes, but can be used for degree verification purposes, such as to verify a student's academic record or to provide proof of completion of a program. They are also useful for students who need to update their degree information, such as to change their major or to add a new concentration. CeDiplomas are available for purchase through the University of California, Santa Cruz's website.",,,,,,,
How to get UCSHIP waiver?,Health Insurance,"To waive UC SHIP coverage, you must have other health insurance coverage that meets the university’s health insurance requirements, which include:
- A plan that provides unrestricted access to an in-network primary care provider and in-network hospital and to full non-emergency medical and mental health care within a reasonable distance of campus or the student’s place of residence.
- A plan that provides coverage for inpatient and outpatient care for mental health and substance use conditions the same as any other medical condition.
- A plan that covers doctor office visits for medical, including mental health, and alcohol/drug abuse conditions.
- A plan that does not have a per-medical or per-mental health/substance use condition maximum benefit limit.
- A plan that has a complete master policy written in standard English with benefits expressed in U.S. dollars.
- A plan that has a claims payment office with an address and phone number in the United States.
- A plan that pays at least $50,000 annually for medical evacuation and at least $25,000 for repatriation of remains.
- A plan that has no preexisting condition exclusion or limitation.
- A plan that has no lifetime maximums on benefits.
- A plan that has a complete master policy written in standard English with benefits expressed in U.S. dollars.
- A plan that has a claims payment office with an address and phone number in the United States.
- A plan that pays at least $50,000 annually for medical evacuation and at least $25,000 for repatriation of remains.
- A plan that has no preexisting condition exclusion or limitation.
- A plan that has no lifetime maximums on benefits.
- A plan that has a complete master policy written in standard English with benefits expressed in U.S. dollars.
- A plan that has a claims payment office with an address and phone number in the United States.
- A plan that pays at least $50,000 annually for medical evacuation and at least $25,000 for repatriation of remains.
- A plan that has no preexisting condition exclusion or limitation.
- A plan that has no lifetime maximums on benefits.
- A plan that has a complete master policy written in standard English with benefits expressed in U.S. dollars.
- A plan that has a claims payment office with an address and phone number in the United States.
- A plan that pays at least $50,000 annually for medical evacuation and at least $25,000 for repatriation of remains.
- A plan that has no preexisting condition exclusion or limitation.
- A plan that has no lifetime maximums on benefits.
- A plan that has a complete master policy written in standard English with benefits expressed in U.S. dollars.
- A plan that has a claims payment office with an address and phone number in the United States.
- A plan that pays at least $50,000 annually for medical evacuation and at least $25,000 for repatriation of remains.
- A plan that has no preexisting condition exclusion or limitation.
- A plan that has no lifetime maximums on benefits.
- A plan that has a complete master policy written in standard English with benefits expressed in U.S. dollars.
- A plan that has a claims payment office with an address and phone number in the United States.
- A plan that pays at least $50,000 annually for medical evacuation and at least $25,000 for repatriation of remains.
- A plan that has no preexisting condition exclusion or limitation.
- A plan that has no lifetime maximums on benefits.
- A plan that has a complete master policy written in standard English with benefits expressed in U.S. dollars.
- A plan that has a claims payment office with an address and phone number in the United States.
- A plan that pays at least $50,000 annually for medical evacuation and at least $25,000 for repatriation of remains.
- A plan that has no preexisting condition exclusion or limitation.
- A plan that has no lifetime maximums on benefits.
- A plan that has a complete master policy written in standard English with benefits expressed in U.S. dollars.
- A plan that has a claims payment office with an address and phone number in the United States.
- A plan that pays at least $50,000 annually for medical evacuation and at least $25,000 for repatriation of remains.
- A plan that has no preexisting condition exclusion or limitation.
- A plan that has no lifetime maximums on benefits.
- A plan that has a complete master policy written in standard English with benefits expressed in U.S. dollars.
- A plan that has a claims payment office with an address and phone number in the United States.
- A plan that pays at least $50,000 annually for medical evacuation and at least $25,000 for repatriation of remains.
- A plan that has no preexisting condition exclusion or limitation.
- A plan that has no",,,,,,,
What is the phone number for UCSHIP information?,Health Insurance,A: You can contact the UC SHIP customer service at (855) 427-3167 or (855) 247-2273 for information about UC SHIP coverage and to make a purchase or to verify your benefits.,,,,,,,
When is the add/drop deadline for master program in spring 2025?,Registrar,Spring 2025 will have a summer academic calendar that starts on June 23 and ends on August 29. The add/drop deadline for master programs will be June 26.,,,,,,,
Can you list the final week schedule for winter 2025?,Registrar,"Winter Quarter 2025, begins on January 3, 2025, and ends on March 14, 2025. The final week of the quarter will be January 24, 25, 26, 27, and 28.",,,,,,,
What is the start date for the summar 2025 quarter?,Registrar,"The 2025 academic quarter begins on September 21, 2024, and the final exam is scheduled for December 13, 2024.",,,,,,,
What are elective options for NLP MS program?,Registrar,"Elective options for the NLP MS program include: 

A class in Discrete Math, 
An advanced class in Data Structures and Algorithms, 
At least one class in Probability and Statistics, 
A class in NLP or Linguistics, 
A class in Machine Learning, 
A class in Formal Languages and Automata Theory.",,,,,,,
"If I missed tuition deadline, am I unenrolled automatically?",Registrar,"A: No, you are not automatically unenrolled if you missed the tuition deadline. You must notify the Office of the Registrar and complete the necessary paperwork to re-enroll.",,,,,,,
What is the grading guideline for master program?,Registrar,"A: The Master's program in Applied Economics and Finance, M.S. is required not required, but the option for the Master's program in Applied Mathematics is not required.",,,,,,,
What are the benifit of becoming an honored student?,Registrar,"A: Honors students receive a personalized transcript with their academic achievements, which is a significant achievement in itself. They also have access to exclusive resources and support services, including academic advising, tutoring, and mentorship programs. Additionally, they are eligible for scholarships and other forms of financial aid. Furthermore, they have a competitive edge when it comes to graduate school applications and job prospects.",,,,,,,
How do I know I am on a waitlist or not during course enrollment?,Registrar,"A: You can check your MyUCSC account to see if you are on a waitlist by selecting ""Enrollment or Student Center"" and then selecting ""Add"" and then ""Details"" on the class you are interested in. If the ""Waitlist if class is full"" box is checked, you will see your waitlist position number. You can also check the ""Class Schedule"" page to see if your waitlisted classes are listed. If you are still on the waitlist at the start of instruction, attend the first class meeting to determine if you will be able to enroll. If you are not number one on the waitlist, your waitlisted position will be skipped.",,,,,,,
"If I lost my diploma, how do I get a new one?",Registrar,A: You can request a replacement diploma by submitting a Diploma Re-Order Request Form. Replacement diplomas have a small notation that states it is not the original diploma and signatures may vary. You can return the damaged diploma to UC Santa Cruz for a complimentary reorder. The process typically takes one to two months.,,,,,,,
"If I am a TA, does it hurt my academic standing if I receive bad evaluation from students?",Registrar,"A: No, receiving a bad evaluation from students is not a reflection of your academic standing as a TA. Your academic standing is based on your own performance and the evaluations are a separate evaluation of your teaching.",,,,,,,
What are the additional fees beside tuition?,Registrar,"Additional fees aside from tuition, UC SHIP covers the following:
Pharmacy services, including prescriptions and medication management
Dental services, including routine care and extractions
Vision services, including eye exams, glasses, and contact lenses
Mental health services, including counseling and therapy
Substance use services, including counseling and treatment
These services are available to UC SHIP members, and the plan is self-funded, which means it doesn’t have to pay for them like a fully insured plan would.",,,,,,,
What are the graduation requirements?,Registrar,"To graduate, you must meet the requirements for the specific degree track you are pursuing. Each degree track has its own set of requirements, which can be found in the program descriptions. For example, the program in Biomedical Science and Engineering has a Ph.D. in Biomolecular Engineering and Bioinformatics, while the program in Environmental Studies has a Ph.D. in Ecology and Evolutionary Biology. You must complete all required coursework, including major and minor courses, as well as any additional requirements specified by the department or program.

To meet the requirements, you must also complete any necessary prerequisites, such as introductory courses in mathematics, physics, and computer science. You must also meet the graduation requirements for your degree track, which can vary depending on the program.

Some of the key requirements include:

* Completing all required coursework, including major and minor courses, as well as any additional requirements specified by the department or program.
* Meeting the graduation requirements for your degree track, which can vary depending on the program.
* Completing any necessary prerequisites, such as introductory courses in mathematics, physics, and computer science.
* Submitting a graduate program application, which includes transcripts, test scores, and other materials as specified by the department or program.
* Participating in any required research or internship experiences.
* Completing any additional requirements specified by the department or program.

It is essential to check the specific requirements for each degree track and program to ensure that you meet all the necessary requirements.",,,,,,,
Who have access to my student ID photo?,Registrar,A: Student ID card photos can be seen by faculty using the faculty center class roster or by staff members with appropriate role-level security who have a business need to know.,,,,,,,
Is on-campus housing available at UCSC Silicon Valley campus?,Registrar,"Yes, UC Santa Cruz has on-campus housing available at the UC Santa Cruz Silicon Valley campus, which is located near the Santa Cruz and Monterey areas. The campus offers a variety of housing options, including single-occupancy and double-occupancy units, as well as apartments and dorms.

The housing is available to UC students and their eligible dependents, and it is managed by the Housing and Residential Life department. The housing is designed to provide a comfortable and supportive living environment, with amenities such as laundry facilities, a fitness center, and a dining hall.

To apply for on-campus housing, students can visit the Housing and Residential Life website or contact the housing office directly to learn more about the available housing options and to apply. The housing is open to all students, regardless of their academic status, and the application process typically begins in the fall semester.

For more information, visit the Housing and Residential Life website or contact the housing office directly.

The housing is a great option for students who want to be close to campus, have a comfortable living environment, and can afford the housing costs. It is also a good option for students who want to take advantage of the campus resources, such as the fitness center and dining hall, and the housing is a great way to meet new people and make friends.

Note: The housing is not a substitute for a traditional apartment or house, but rather a complementary option for students who want to be close to campus and have access to the campus resources.",,,,,,,
How long do I have to wait to get an official transcript once I apply?,Registrar,"A: Once you apply, you can expect to receive your official transcript within six weeks after the end of the quarter in which you applied to graduate.",,,,,,,
Can I get my tuition refund when withdraw from master program?,Registrar,"A: No, you will not receive a tuition refund when withdrawing from a master program. The refund policy for master programs is different than that for undergraduate programs. You will receive a full refund of your tuition and fees for the quarter you withdrew from, as long as you meet the conditions of your student contract.",,,,,,,
What is an evaluation and where can I find mine?,Registrar,,,,,,,,
"There seems to be a bunch of different fees applied to my tuition, why am I getitng them?",Registrar,,,,,,,,
What are the requirements to apply for graduation?,Registrar,,,,,,,,
"I don't have my EAP scores, can I still graduate?",Registrar,,,,,,,,
"I need to order a transcript, how can I do that?",Registrar,,,,,,,,
I didn't get my transcript.,Registrar,,,,,,,,
Where do I find my student ID number?,Registrar,,,,,,,,
I need to withdrawal.,Registrar,,,,,,,,
How do I withdrawal?,Registrar,,,,,,,,
Is getting a W the same as withdrawing?,Registrar,,,,,,,,
Who is Jeff?,NLP Wiki,,,,,,,,
What is Jeff Flanigan's email?,NLP Wiki,,,,,,,,
Which campus is Jeff Flanigan located on?,NLP Wiki,,,,,,,,
What is Jeff Flanigan's research in?,NLP Wiki,,,,,,,,
Who does Jeff Flanigan frequently publish with?,NLP Wiki,,,,,,,,
What software has Jeff created?,NLP Wiki,,,,,,,,
What is the NLP Wiki?,NLP Wiki,,,,,,,,
Give me some papers about abstract meaning representation.,NLP Wiki,,,,,,,,
Give me some papers about NLP.,NLP Wiki,,,,,,,,
Give me some papers about reproducibility.,NLP Wiki,,,,,,,,
I want to know about research published about the experimental method.,NLP Wiki,,,,,,,,
What research has been done in fine-tuning?,NLP Wiki,,,,,,,,
Give me a paper published on fine-tuning in 2024.,NLP Wiki,,,,,,,,
What did Xu et al publish in 2021?,NLP Wiki,,,,,,,,
What research is done in hallucinations?,NLP Wiki,,,,,,,,
What is some work done to ensure that GPT-3 is more reliable?,NLP Wiki,,,,,,,,
I want a brief overview of the history of NLP.,NLP Wiki,,,,,,,,
What do some Russian papers use to denote expectation?,NLP Wiki,,,,,,,,
I am interested in papers regarding stochastic approximation method.,NLP Wiki,,,,,,,,
Describe FOUL-UP.,NLP Wiki,,,,,,,,
What is ELIZA?,NLP Wiki,,,,,,,,
What can I read for an introduction to information extraction?,NLP Wiki,,,,,,,,
Are there any courses I can take about information extraction?,NLP Wiki,,,,,,,,
What are some key papers in NLP?,NLP Wiki,,,,,,,,
What is a lanuage model?,NLP Wiki,,,,,,,,
What is DetectGPT?,NLP Wiki,,,,,,,,
What are some standard benchmark datasets?,NLP Wiki,,,,,,,,
What are some common software and hardware used in ML?,NLP Wiki,,,,,,,,
I'd like more information on Logistic Regression.,NLP Wiki,,,,,,,,
What are some evaluation metrics?,NLP Wiki,,,,,,,,
What is BLEU?,NLP Wiki,,,,,,,,
What is sacreBLEU?,NLP Wiki,,,,,,,,
What are some neural network architectures?,NLP Wiki,,,,,,,,
Are transformers and simple-self attention networks the same thing?,NLP Wiki,,,,,,,,
What are some memory architectures?,NLP Wiki,,,,,,,,
I am looking to improve my model. What are some neural network tricks I can use?,NLP Wiki,,,,,,,,
What people in academia have work in NLP?,NLP Wiki,,,,,,,,
"Who published ""A Survey on Contextual Embeddings""?",NLP Wiki,,,,,,,,
Recommend some research papers regarding pretraining.,NLP Wiki,,,,,,,,
Describe nanoGPT.,NLP Wiki,,,,,,,,
"I want some recommendations for readings about prompting, specifically the engineering aspect.",NLP Wiki,,,,,,,,
Where can I find some interesting prompts?,NLP Wiki,,,,,,,,
What is some question-answering research?,NLP Wiki,,,,,,,,
What category does the SQuAD dataset paper fall under?,NLP Wiki,,,,,,,,
Andrej Karpathy created what software?,NLP Wiki,,,,,,,,
What are the requirements for insurance that can be used instead of UC SHIP?,Health Insurance,,,,,,,,
"I need to contact someone about changing converage, who should I contact?",Health Insurance,,,,,,,,
Is medical an acceptable insurance?,Health Insurance,,,,,,,,
Is medicare an exception for the insurance requirements?,Health Insurance,,,,,,,,
What do I pay out of pocket with UC SHIP?,Health Insurance,,,,,,,,
What mental health options are covered by UC SHIP?,Health Insurance,,,,,,,,
What is the annual limit on ou of pocket expenses for my family?,Health Insurance,,,,,,,,
What is the copay for bifocals?,Health Insurance,,,,,,,,
"I'm not on campus, can I use the UC SHIP insurance for services outside of Santa Cruz?",Health Insurance,,,,,,,,
Where can I go if I am having a medical emergency?,Health Insurance,,,,,,,,
What if I am not able to get a referral?,Health Insurance,,,,,,,,
Will I be covered by UC SHIP insurance if I am out of the country?,Health Insurance,,,,,,,,